MOVE NAME,COMMAND,HIT LEVEL,RANGE,GAP,TRACKING,CRUSH,JAIL,NC / NCc,ENVIRONMENTAL,DAMAGE,START UP,ON BLOCK,ON HIT,ON CH,IN AIR,ON CROUCHING,RECOVERY,ACTIVE,NOTES
*,1,high,1,0,-,-,-,-,-,-,10,+1,+8,+8,-,-,-,-,-
Left Right Combo,"1, 2","high, high",1.5,0.5,-,-,-,-,-,-,10,-1,+6,+6,-,-,-,-,-
*,"(1), 2",high,0.5,0.25,-,-,-,-,-,-,12,-1,+6,+6,-,-,-,-,-
*,2,high,0.5,0.25,-,-,-,-,-,-,10,-1,+8,+8,-,-,-,-,-
Right Straight to Left Low Kick,"2, 3","high, low",0.5,1,-,-,-,-,-,-,10,-12,-1,-1,-,-,-,-,-
*,"(2), 3",low,2,1,-,-,-,-,-,-,22,-12,-1,-1,-,-,-,-,-
PK Combo,"2, 4","high, high",0.5,1.75,-,-,-,-,-,-,10,-9,+10,+10,S!,-,-,-,-
*,"(2), 4",high,2,1.75,-,-,-,-,-,-,17,-9,+10,KND,-,-,-,-,-
*,3,high,1.5,1,-,-,-,-,-,-,14,-8,+3,+3,-,-,-,-,-
*,"3, 3","mid, high",1.5,0.25,-,-,-,-,-,-,14,-8,+3,+3,-,-,-,-,-
*,"(3), 3",high,1.25,0.25,-,-,-,-,-,-,16,-8,+3,+3,-,-,-,-,-
Valkyrie Lance Combo,"3, 3, 4","mid, high, high",1.5,1.5,-,-,-,-,-,-,14,-9,KND,KND,-,-,-,-,-
*,"(3), 3, 4","high, high",1.25,1.75,-,-,-,-,-,-,16,-9,KND,KND,-,-,-,-,-
*,"(3), (3), 4",high,1.5,2,-,-,-,-,-,-,26,-9,KND,KND,-,-,-,-,-
*,4,high,1.5,1,-,-,-,-,-,-,12,-8,+3,KND,-,-,-,-,-
*,4~3,"mid, mid",2.5,0.25,-,-,-,-,-,-,16,-16,LAUNCH,LAUNCH,-,-,-,-,-
Hydra Bite Low,"4~3, 1","mid, mid, low",2.5,1.5,-,-,-,-,-,-,16,-13,+4,+4,-,-,-,-,-
*,"(4)~(3), 1",low,1.5,1,-,-,-,-,-,-,34,-13,+4,+4,-,-,-,-,-
Hydra Bite High,"4~3, 3","mid, mid, high",2.5,1,-,-,-,-,-,-,16,-4,S!,S!,-,-,-,-,-
*,"(4)~(3), 3",high,1,1,-,-,-,-,-,-,23,-4,KND,KND,-,-,-,-,-
Hydra Bite Mid,"4~3, 4","mid, mid, mid",2.5,1.5,-,-,-,-,-,-,16,-14,KND,KND,-,-,-,-,-
*,"(4)~(3), 4",mid,1,2,-,-,-,-,-,-,33,-14,KND,KND,-,-,-,-,-
Crusader,1+2,mid,1.5,0.25,-,-,-,-,-,-,14,-9,KND,KND,-,-,-,-,-
*,Time with enemy attack... 1+2,mid,2,-,-,-,-,-,-,-,44,!,KND,KND,-,-,-,-,-
Deathbringer Mid,"u+3, 3","high, mid",1,1.5,-,-,-,-,-,-,26,-15,KND,KND,-,-,-,-,-
*,"(u+3), 3",mid,1.25,1.5,-,-,-,-,-,-,26,-15,KND,KND,-,-,-,-,-
Deathbringer High,"u+3, 4","high, high",1,1.5,-,-,-,-,-,-,26,+8,KND,KND,-,-,-,-,-
*,"(u+3), 4",high,1.25,1.75,-,-,-,-,-,-,38,+8,KND,KND,-,-,-,-,-
Deathbringer Low,"u+3, d+3","high, low",1,1.5,-,-,-,-,-,-,26,-15,LAUNCH,LAUNCH,-,-,-,-,-
*,"(u+3), d+3",low,1.5,2,-,-,-,-,-,-,31,-15,LAUNCH,LAUNCH,-,-,-,-,-
Deathbringer Low to Shadow,"u+3, d+3, 3","high, low, mid",1,0.25,-,-,-,-,-,-,26,-6,KND,KND,-,-,-,-,-
*,"(u+3), d+3, 3","high, low, mid",1,0.25,-,-,-,-,-,-,31,-6,KND,KND,-,-,-,-,-
*,"(u+3), (d+3), 3",mid,2,0.25,-,-,-,-,-,-,27,-6,LAUNCH,LAUNCH,-,-,-,-,-
*,u+4,mid,1.5,0.5,-,-,-,-,-,-,19,-4,KND,KND,-,-,-,-,-
Shadow Scythe,u/f+3,mid,4,0.25,-,-,-,-,-,-,29,-4,0 (OC),LAUNCH,-,-,-,-,-
*,u/f+4,mid,1.5,0.5,-,-,-,-,-,-,19,-5,KND,KND,-,-,-,-,-
Stormbringer,"u/f+4, 4","mid, mid",1.5,1.5,-,-,-,-,-,-,19,-15,KND,KND,-,-,-,-,-
*,"(u/f+4), 4",mid,2.5,2.5,-,-,-,-,-,-,16,-17,KND,KND,-,-,-,-,-
*,u/f+3+4,mid,2.5,0.25,-,-,-,-,-,-,23,-17,LAUNCH,LAUNCH,-,-,-,-,-
*,"u/f+3+4, 4","mid, low",2.5,0.5,-,-,-,-,-,-,23,-14,-3,KND,-,-,-,-,-
*,"(u/f+3+4), 4",low,1.25,1.75,-,-,-,-,-,-,21,-14,-3,LAUNCH,-,-,-,-,-
Chakram,"u/f+3+4, 4, 2","mid, low, mid",2.5,0.25,-,-,-,-,-,-,23,-13,KND,KND,-,-,-,-,-
*,"(u/f+3+4), (4), 2",mid,1,1.5,-,-,-,-,-,-,21,-13,KND,KND,-,-,-,-,-
*,"u/f+3+4, f+4","mid, low",2.5,1,-,-,-,-,-,-,23,-14,KND,KND,-,-,-,-,-
*,"(u/f+3+4), f+4",low,1,1.5,-,-,-,-,-,-,45,-14,0,LAUNCH,-,-,-,-,-
Heavy Chakram,"u/f+3+4, f+4, 2","mid, low, mid",2.5,0.25,-,-,-,-,-,-,23,-13,KND,KND,-,-,-,-,-
Chakram Shadow,"u/f+3+4, f+4, 3","mid, low, mid",2.5,0.25,-,-,-,-,-,-,23,-6,LAUNCH,LAUNCH,-,-,-,-,-
*,"(u/f+3+4), (f+4), 3",mid,2.5,0.25,-,-,-,-,-,-,27,-6,LAUNCH,LAUNCH,-,-,-,-,-
Spinning Chakram,"u/f+3+4, 3+4","mid, mid",2.5,0.25,-,-,-,-,-,-,23,-26,KND,KND,-,-,-,-,-
*,"(u/f+3+4), 3+4",mid,1.5,0.5,-,-,-,-,-,-,20,-26,KND,KND,-,-,-,-,-
*,f+2,mid,2.5,0.25,-,-,-,-,-,-,15,-10,+1,+1,-,-,-,-,-
Tartaros,"f+2, 3","mid, mid",2.5,0.5,-,-,-,-,-,-,15,-10,+2,+2,-,-,-,-,-
*,"(f+2), 3",mid,2.5,1.5,-,-,-,-,-,-,21,-10,+2,KND,-,-,-,-,-
*,f+3,mid,2.5,0.25,HOMING,-,-,-,-,-,17,-10,+1,+1,-,-,-,-,-
Circling Winds,"f+3, 2","mid, mid",2.5,0.25,-,-,-,-,-,-,17,-14,KND,KND,-,-,-,-,-
,"(f+3), 2",mid,2,1.5,-,-,-,-,-,-,30,-14,KND,KND,-,-,-,-,-
Lance Kick,f+4,high,2.5,1.5,-,-,-,-,-,-,15,-9,KND,KND,-,-,-,-,-
Shadow Spear,"f, F+2",mid,2.5,2.5,-,-,-,-,-,-,16,-13,KND,KND,-,-,-,-,-
Sudden Strike,"f, F+3",mid,2.5,0,-,-,-,-,-,-,15,-14,LAUNCH,LAUNCH,-,-,-,-,-
Iron Maul,"f, F+4",mid,2.5,1,-,-,-,-,-,-,15,-10,KND,KND,-,-,-,-,-
*,"f, f, f+3 (or WR 3)",mid,3.5,2,-,-,-,-,-,-,22,+9,KND,KND,-,-,-,-,-
Body Blow,d/f+1,mid,1.5,0.25,-,-,-,-,-,-,14,-1,+7,+7,-,-,-,-,-
Meat Hook,"d/f+2, 3","mid, high",2,0.5,-,-,-,-,-,-,16,-3,S!,S!,-,-,-,-,-
*,"(d/f+2), 3",high,2,1,-,-,-,-,-,-,12,-3,KND,KND,-,-,-,-,-
Bolt Stunner,"d/f+2, 4","mid, mid",2,0.5,-,-,-,-,-,-,16,-15,KND,KND,-,-,-,-,-
*,"(d/f+2), 4",mid,2,1,-,-,-,-,-,-,12,-15,KND,KND,-,-,-,-,-
Shadow Snap Kick,d/f+3,high,2.5,1,-,-,-,-,-,-,16,-9,+7,LAUNCH,-,-,-,-,-
*,d/f+4,mid,2.5,1.5,-,-,-,-,-,-,15,-15,-1,-1,-,LAUNCH,-,-,-
*,"d/f+4, 4","mid, mid",2.5,1,-,-,-,-,-,-,15,-15,KND,KND,-,-,-,-,-
*,"(d/f+4), 4",mid,1.75,1,-,-,-,-,-,-,22,-15,KND,KND,-,-,-,-,-
Pendulum Kick to Shadow,"d/f+4, 4, 3","mid, mid, mid",2.5,0.25,-,-,-,-,-,-,15,-6,KND,KND,-,-,-,-,-
*,"(d/f+4), 4, 3","mid, mid, mid",2.5,0.25,-,-,-,-,-,-,22,-6,KND,KND,-,-,-,-,-
*,"(d/f+4), (4), 3",mid,2.5,0.25,-,-,-,-,-,-,27,-6,LAUNCH,LAUNCH,-,-,-,-,-
Low Kick,d+3,low,1.5,0.5,-,-,-,-,-,-,14,-12,0,0,-,-,-,-,-
Basilisk Fang,d+4,low,2,0,-,-,-,-,-,-,21,-13,-2,-2,-,-,-,-,-
Assassin's Sting Combo,"d/b+2, 1","mid, high",2.5,0.25,-,-,-,-,-,-,13,-1,+7,+7,-,-,-,-,-
*,"(d/b+2), 1",high,2,0.25,-,-,-,-,-,-,22,-1,+7,+7,-,-,-,-,-
Killer Bee,d/b+3,low,2.5,0.25,-,-,-,-,-,-,29,-12,+5,KND,-,-,-,-,-
Shinobi Cyclone,d/b+4,low,2,0,-,-,-,-,-,-,24,-14,+4,KND,-,-,-,-,-
Elbow Strike,b+1,high,2,1,-,-,-,-,-,-,16,+5 (OC),+5 (OC),KND,-,-,-,-,-
*,b+2,high,1.5,1,-,-,-,-,-,-,15,-14,-3,-3,-,-,-,-,-
Unicorn's Tail,"b+2, 2, 3","high, mid, mid",1.5,1,-,-,-,-,-,-,15,-19,KND,KND,-,-,-,-,-
*,"(b+2), (2), 3",-,-,-,-,-,-,-,-,-,21,-19,KND,LAUNCH,-,-,-,-,-
Deadly Talon,"b+2, 2, 1+2",-,-,-,-,-,-,-,-,-,15,-30,KND,KND,-,-,-,-,-
*,"(b+2), (2), 1+2",-,-,-,-,-,-,-,-,-,20,-30,KND,KND,-,-,-,-,-
*,"b+2, 4",-,-,-,-,-,-,-,-,-,15,-7,+4,+4,-,-,-,-,-
*,"(b+2), 4",-,-,-,-,-,-,-,-,-,24,-7,+4,+4,-,-,-,-,-
Missing Talon to Galatine,"b+2, 4, 2",-,-,-,-,-,-,-,-,-,15,-9,KND,KND,-,-,-,-,-
*,"(b+2), 4, 2",-,-,-,-,-,-,-,-,-,24,-9,KND,KND,-,-,-,-,-
*,"(b+2), (4), 2",-,-,-,-,-,-,-,-,-,20,-9,KND,KND,-,-,-,-,-
Hades Heel,b+3,-,-,-,-,-,-,-,-,-,27,+1,KND,KND,-,-,-,-,-
*,b+4,-,-,-,-,-,-,-,-,-,14,-11,0,0,-,-,-,-,-
*,"b+4, B+4, 3",-,-,-,-,-,-,-,-,-,14,-11,0,0,-,-,-,-,-
*,"(b+4), (B+4), 3",-,-,-,-,-,-,-,-,-,20,-11,0,0,-,-,-,-,-
*,"b+4, B+4, 3, 4",-,-,-,-,-,-,-,-,-,14,-11,0,0,-,-,-,-,-
*,"(b+4), (B+4), 3, 4",-,-,-,-,-,-,-,-,-,20,-11,0,0,-,-,-,-,-
*,"(b+4), (B+4), (3), 4",-,-,-,-,-,-,-,-,-,28,-11,0,STUN,-,-,-,-,-
Skull Rave,"b+4, B+4, 3, 4, 2",-,-,-,-,-,-,-,-,-,14,-13,KND,KND,-,-,-,-,-
*,"(b+4), (B+4), 3, 4, 2",-,-,-,-,-,-,-,-,-,20,-13,KND,KND,-,-,-,-,-
*,"(b+4), (B+4), (3), 4, 2",-,-,-,-,-,-,-,-,-,28,-13,KND,KND,-,-,-,-,-
*,"(b+4), (B+4), (3), (4), 2",-,-,-,-,-,-,-,-,-,21,-13,KND,KND,-,-,-,-,-
*,"b+4, B+4, 3, f+4",-,-,-,-,-,-,-,-,-,14,-11,0,0,-,-,-,-,-
*,"(b+4), (B+4), 3, f+4",-,-,-,-,-,-,-,-,-,20,-11,0,0,-,-,-,-,-
*,"(b+4), (B+4), (3), f+4",-,-,-,-,-,-,-,-,-,53,-11,0,STUN,-,-,-,-,-
Skull Frenzy,"b+4, B+4, 3, f+4, 2",-,-,-,-,-,-,-,-,-,14,-13,KND,KND,-,-,-,-,-
*,"(b+4), (B+4), 3, f+4, 2",-,-,-,-,-,-,-,-,-,20,-13,KND,KND,-,-,-,-,-
*,"(b+4), (B+4), (3), f+4, 2",-,-,-,-,-,-,-,-,-,53,-13,KND,KND,-,-,-,-,-
*,"(b+4), (B+4), (3), (f+4), 2",-,-,-,-,-,-,-,-,-,21,-6,KND,KND,-,-,-,-,-
Skull Rave Shadow,"b+4, B+4, 3, f+4, 3",-,-,-,-,-,-,-,-,-,14,-6,LAUNCH,LAUNCH,-,-,-,-,-
*,"(b+4), (B+4), 3, f+4, 3",-,-,-,-,-,-,-,-,-,20,-6,LAUNCH,LAUNCH,-,-,-,-,-
*,"(b+4), (B+4), (3), (f+4), 3",-,-,-,-,-,-,-,-,-,26,-6,LAUNCH,LAUNCH,-,-,-,-,-
Skull Spin,"b+4, B+4, 3, 3+4",-,-,-,-,-,-,-,-,-,14,-25,KND,KND,-,-,-,-,-
*,"(b+4), (B+4), 3, 3+4",,,,-,-,-,-,-,-,20,-25,KND,KND,-,-,-,-,-
*,"(b+4), (B+4), (3), 3+4",,,,-,-,-,-,-,-,26,-25,KND,KND,-,-,-,-,-
*,b+1+2,-,-,-,-,-,-,-,-,-,31,-10,+1,+1,-,-,-,-,-
Illusion Sweep,"b+1+2, 3",-,-,-,-,-,-,-,-,-,31,-28,KND,KND,-,-,-,-,-
*,"(b+1+2), 3",-,-,-,-,-,-,-,-,-,17,-28,KND,KND,-,-,-,-,-
War Hound,"b, B+2",-,-,-,-,-,-,-,-,-,17,-10,LAUNCH,LAUNCH,-,-,-,-,-
*,"Time with enemy attack... b, B+2",mid,-,0,-,-,-,-,-,-,-,-,KND,KND,-,-,-,-,-
*,u/b+1,-,-,-,-,-,-,-,-,-,16,-6,+5,+5,-,-,-,-,-
Gate Keeper,"u/b+1, 2",-,-,-,-,-,-,-,-,-,16,-13,-2,-2,-,-,-,-,-
,"(u/b+1), 2",-,-,-,-,-,-,-,-,-,18,-13,-2,-2,-,-,-,-,-
*,u/b+2,-,-,-,-,-,-,-,-,-,15,-12,+9,+9,-,-,-,-,-
*,FC 1,-,-,-,-,-,-,-,-,-,10,-11,+6,+6,-,-,-,-,-
*,FC 2,-,-,-,-,-,-,-,-,-,11,-4,+7,+7,-,-,-,-,-
*,FC 3,-,-,-,-,-,-,-,-,-,16,-15,-4,-4,-,-,-,-,-
*,FC 4,-,-,-,-,-,-,-,-,-,12,-15,-4,-4,-,-,-,-,-
*,FC d/f+3+4,-,-,-,-,-,-,-,-,-,18,-23,KND,LAUNCH,-,-,-,-,-
Quicksand Catastrophe,FC d/f+3+4:4,-,-,-,-,-,-,-,-,-,18,-23,KND,KND,-,-,-,-,-
10 Hit Combo 1,"u/b+1, 2, 2, 2, 4, 2, 3, 4, 2, 1+2",-,-,-,-,-,-,-,-,-,16,-,KND,KND,-,-,-,-,-
Charging Tackle*,"WR f, f, F (Full Screen)",-,-,-,-,-,-,-,-,-,8,+13,KND,KND,-,-,-,-,-
Running Stomp*,"WR f, f, F (Full Screen) (On Grounded Opponent)",-,-,-,-,-,-,-,-,-,12,-,KND,KND,-,-,-,-,-
*,WR 4,-,-,-,-,-,-,-,-,-,14,-40,KND,KND,-,-,-,-,-
*,WR 1+2,-,-,-,-,-,-,-,-,-,18,0,KND,KND,-,-,-,-,-
Rising Uppercut,WS 1,mid,1.5,0.5,-,-,-,-,-,-,14,-14,LAUNCH,LAUNCH,-,-,-,-,-
Jackknife Elbow,WS 2,mid,1,0,-,-,-,-,-,-,13,-8,+8,LAUNCH,-,-,-,-,-
Trident Kick,WS 3,-,-,-,-,-,-,-,-,-,16,-8,KND,KND,-,-,-,-,-
Shadow Snap Kick,WS 4,mid,1.5,1,-,-,-,-,-,-,11,-7,+4,+4,-,-,-,-,-
Spinning Middle Kick,WS 3+4,-,-,-,-,-,-,-,-,-,16,-14,KND,KND,-,-,-,-,-
Wake-Up Low Kick*,"Face Up, Feet Towards+3 or (After Rolling Forward)",-,-,-,-,-,-,-,-,-,22,-12,+5,STUN,-,-,-,-,-
Wake-Up Mid Kick*,"Face Up, Feet Towards+4 or (After Rolling Forward)",-,-,-,-,-,-,-,-,-,21,-12,+5,KND,-,-,-,-,-
Recovery Kick* (Back Roll on Hit),"Face Up, Feet Towards, d+3 (or 4)",-,-,-,-,-,-,-,-,-,13,-18,-3,-3,-,-,-,-,-
Spring Attack*,"Face Up, Feet Towards+3+4",-,-,-,-,-,-,-,-,-,18,-21,KND,KND,-,-,-,-,-
Flying Cross Chop*,"Face Up, Feet Towards, Roll Forward+1+2",-,-,-,-,-,-,-,-,-,19,+2,KND,KND,-,-,-,-,-
*,"Face Down, Feet Away+3",-,-,-,-,-,-,-,-,-,21,-20,+1,STUN,-,-,-,-,-
*,"Face Down, Feet Away+4",-,-,-,-,-,-,-,-,-,21,-19,KND,KND,-,-,-,-,-
*,(Upon Landing) f,-,-,-,-,-,-,-,-,-,33,-2,+3,+3,-,-,-,-,-
INTO CHARGE,,,,,,,,,,,,,,,,,,,
*,1+2+3+4,-,-,-,-,-,-,-,-,-,-,-,-,-,-,-,-,-,-
*,"u+3, D+3",-,-,-,-,-,-,-,-,-,26,-29,KND,KND,-,-,-,-,-
INTO HAZE,,,,,,,,,,,,,,,,,,,
Haze,3+4,-,-,-,-,-,-,-,-,-,-,-,-,-,-,-,-,-,-
Left Right Combo to Haze,"1, 2, 3+4",-,-,-,-,-,-,-,-,-,10,-35,-28,-28,-,-,-,-,-
Fatal Elbow to Haze,"qcf+1, 3+4",-,-,-,-,-,-,-,-,-,19,-22,-9,STUN,-,-,-,-,-
DURING HAZE,,,,,,,,,,,,,,,,,,,
Kronos Cutter,(During Haze) 1,-,-,-,-,-,-,-,-,-,18,-14,LAUNCH,LAUNCH,-,-,-,-,-
Aqua Spider,(During Haze) 3,-,-,-,-,-,-,-,-,-,20,-9,+2,STUN,-,-,-,-,-
Blind Ghost,(During Haze) 4 (Close),-,-,-,-,-,-,-,-,-,17,-9,KND,KND,-,-,-,-,-
*,(During Haze) 4 (Far),-,-,-,-,-,-,-,-,-,17,-9,KND,KND,-,-,-,-,-
Crossing Paths,(During Haze) 1+2,-,-,-,-,-,-,-,WALL BOUNCE,-,14,-13,KND,KND,-,-,-,-,-
INTO THE LABYRINTH,,,,,,,,,,,,,,,,,,,
Labyrinth,b+3+4,-,-,-,-,-,-,-,-,-,-,-,-,-,-,-,-,-,-
*,"Back towards wall... b, b, u/b",mid,2,2,-,-,-,-,-,-,40,+6,KND,KND,-,-,-,-,-
*,"3, 3, 4, B",-,-,-,-,-,-,-,-,-,14,-16,-5,-5,-,-,-,-,-
*,"(3), 3, 4, B",-,-,-,-,-,-,-,-,-,16,-16,-5,-5,-,-,-,-,-
Chariot,3~4,"mid, mid",2.5,0,-,-,-,-,-,-,25,-9,STUN,STUN,-,-,-,-,-
Chariot (2nd Hit Only),3~4,mid,3.5,-,-,-,-,-,-,-,30,-9,STUN,STUN,-,-,-,-,-
Brocken Connect,"4, 1",-,-,-,-,-,-,-,-,-,12,-2,+5,LAUNCH,-,-,-,-,-
*,"(4), 1",-,-,-,-,-,-,-,-,-,19,-2,+5,+5,-,-,-,-,-
*,u+3,high,1,0.5,-,-,-,-,-,-,26,-2,+5,+5,-,-,-,-,-
*,"f+3, B",-,-,-,-,-,-,-,-,-,17,-6,+5,+5,-,-,-,-,-
*,d/f+2,-,-,-,-,-,-,-,-,-,16,-11,LAUNCH,LAUNCH,-,-,-,-,-
*,"qcf+2, B",-,-,-,-,-,-,-,-,-,-,-,-,-,-,-,-,-,-
Black Hole,qcf+4,-,-,-,-,-,-,-,-,-,19,-14,LAUNCH,LAUNCH,-,-,-,-,-
Assassin's Sting,d/b+2,-,-,-,-,-,-,-,-,-,13,-14,+5,+5,-,-,-,-,-
*,"b+2, 2",-,-,-,-,-,-,-,-,-,15,-3,+8,+8,-,-,-,-,-
*,"(b+2), 2",-,-,-,-,-,-,-,-,-,22,-3,+8,+8,-,-,-,-,-
Skull Smasher,"b+4, 4",-,-,-,-,-,-,-,-,-,14,-9,+6,+6,-,-,-,-,-
*,"(b+4), 4",-,-,-,-,-,-,-,-,-,17,-9,+6,+6,-,-,-,-,-
Skull Smasher Feint,"b+4, B+4",-,-,-,-,-,-,-,-,-,14,+1 (OC),+2 (OC),KND,-,-,-,-,-
*,"(b+4), B+4",-,-,-,-,-,-,-,-,-,37,+1 (OC),KND,KND,-,-,-,-,-
Illusion Strike,"b+1+2, 2",-,-,-,-,-,-,-,-,-,31,+1,+4 (OC),+4 (OC),-,-,-,-,-
*,"(b+1+2), 2",-,-,-,-,-,-,-,-,-,33,+1,+4 (OC),KND,-,-,-,-,-
STAY IN THE LABYRINTH,,,,,,,,,,,,,,,,,,,
Sixth Sense to Labyrinth*,"(During Labyrinth) f+1+2, B",-,-,-,-,-,-,-,-,-,-,-,-,-,-,-,-,-,-
Labyrinth to Front Flip,"(During Labyrinth) f, f, f (Far)",-,-,-,-,-,-,-,-,-,-,-,-,-,-,-,-,-,-
*,(During Labyrinth) 2,-,-,-,-,-,-,-,-,-,10,+1,+8,+8,-,-,-,-,-
*,"(During Labyrinth) 2, 1, B",-,-,-,-,-,-,-,-,-,10,-5,+1,+1,-,-,-,-,-
*,"(During Labyrinth) (2), 1, B",-,-,-,-,-,-,-,-,-,14,-5,+1,+1,-,-,-,-,-
Fafnir,"(During Labyrinth) 3, 4, 4",-,-,-,-,-,-,-,-,-,10,-9,KND,KND,-,-,-,-,-
*,"(During Labyrinth) (3), 4, 4",-,-,-,-,-,-,-,-,-,28,-9,KND,KND,-,-,-,-,-
*,"(During Labyrinth) (3), (4), 4",-,-,-,-,-,-,-,-,-,32,-9,KND,KND,-,-,-,-,-
Soul Steal,(During Labyrinth) f+1,-,-,-,-,-,-,-,-,-,16,-13 (FT),+5 (BT),+5 (BT),-,-,-,-,-
*,"(During Labyrinth) f+3, B",-,-,-,-,-,-,-,-,-,13,-11,0,0,-,-,-,-,-
*,(During Labyrinth) f+4,-,-,-,-,-,-,-,-,-,16,-9,+2,+2,-,-,-,-,-
Reverse Chakram,(During Labyrinth) f+3+4,-,-,-,-,-,-,-,-,-,25,-9,KND,KND,-,-,-,-,-
*,(During Labyrinth) b+2,-,-,-,-,-,-,-,-,-,16,-2,+6,+6,-,-,-,-,-
Cannon Tail,(During Labyrinth) b+3,-,-,-,HOMING,-,-,-,-,-,18,+5,KND,KND,-,-,-,-,-
Vermillion,"(During Labyrinth) f, F+3+4 (Close)",-,-,-,-,-,-,-,-,-,23,-18,LAUNCH,LAUNCH,-,-,-,-,-
EXIT THE LABYRINTH,,,,,,,,,,,,,,,,,,,
Sixth Sense,(LAB) f+1+2,-,-,-,-,-,-,-,-,-,-,-,-,-,-,-,-,-,-
Labyrinth,(During Labyrinth) b+3+4,-,-,-,-,-,-,-,-,-,-,-,-,-,-,-,-,-,-
*,(During Labyrinth) 1,-,-,-,-,-,-,-,-,-,8,-1,+5,+5,-,-,-,-,-
Blind Lance,"(During Labyrinth) 1, 4",-,-,-,-,-,-,-,-,-,8,-9,KND,KND,-,-,-,-,-
*,"(During Labyrinth) (1), 4",-,-,-,-,-,-,-,-,-,16,-9,KND,KND,-,-,-,-,-
Backfist & Straight,"(During Labyrinth) 2, 1",-,-,-,-,-,-,-,-,-,10,-1,+5,+5,-,-,-,-,-
*,"(During Labyrinth) (2), 1",-,-,-,-,-,-,-,-,-,14,-1,+5,+5,-,-,-,-,-
Blinding Knife,"(During Labyrinth) 2, 2",-,-,-,-,-,-,-,-,-,10,-9,+2,+2,-,-,-,-,-
*,"(During Labyrinth) (2), 2",-,-,-,-,-,-,-,-,-,21,-9,+2,+2,-,-,-,-,-
*,(During Labyrinth) 3,-,-,-,-,-,-,-,-,-,10,-11,0,0,-,-,-,-,-
*,"(During Labyrinth) 3, 4",-,-,-,-,-,-,-,-,-,10,0,+1,+1,-,-,-,-,-
*,"(During Labyrinth) (3), 4",-,-,-,-,-,-,-,-,-,28,0,+1,+11 (OC),-,-,-,-,-
Crescent Mirage,"(During Labyrinth) 3, 4, 3",-,-,-,-,-,-,-,-,-,10,-6,LAUNCH,LAUNCH,-,-,-,-,-
*,"(During Labyrinth) (3), 4, 3",-,-,-,-,-,-,-,-,-,28,-6,LAUNCH,LAUNCH,-,-,-,-,-
*,"(During Labyrinth) (3), (4), 3",-,-,-,-,-,-,-,-,-,27,-6,LAUNCH,LAUNCH,-,-,-,-,-
Spiral Cannon,(During Labyrinth) 3+4,-,-,-,-,-,-,-,-,-,15,-20,LAUNCH,LAUNCH,-,-,-,-,-
*,(During Labyrinth) f+2,-,-,-,-,-,-,-,-,-,17,-5,+6,+6,-,-,-,-,-
Cold Massacre,"(During Labyrinth) f+2, 3",-,-,-,-,-,-,-,-,-,17,-7,KND,KND,-,-,-,-,-
*,"(During Labyrinth) (f+2), 3",-,-,-,-,-,-,-,-,-,24,-7,KND,KND,-,-,-,-,-
*,"(During Labyrinth) f+2, 4",-,-,-,-,-,-,-,-,-,17,-7,+4,+4,-,-,-,-,-
*,"(During Labyrinth) (f+2), 4",-,-,-,-,-,-,-,-,-,20,-7,+4,+4,-,-,-,-,-
Massacre to Galatine,"(During Labyrinth) f+2, 4, 2",-,-,-,-,-,-,-,-,-,17,-9,KND,KND,-,-,-,-,-
*,"(During Labyrinth) (f+2), 4, 2",-,-,-,-,-,-,-,-,-,20,-9,KND,KND,-,-,-,-,-
*,"(During Labyrinth) (f+2), (4), 2",-,-,-,-,-,-,-,-,-,20,-9,KND,KND,-,-,-,-,-
Demon Knee,(During Labyrinth) f+3,-,-,-,-,-,-,-,-,-,13,-8,+3,KND,-,-,-,-,-
Kama Kick Combo,"(During Labyrinth) f+4, 3",-,-,-,-,-,-,-,-,-,16,-11,+4,+4,-,-,-,-,-
*,"(During Labyrinth) (f+4), 3",-,-,-,-,-,-,-,-,-,23,-11,+4,+4,-,-,-,-,-
Shinobi Cyclone,(During Labyrinth) d+3 (Close),-,-,-,-,-,-,-,-,-,25,-26,LAUNCH,LAUNCH,-,-,-,-,-
*,(During Labyrinth) d+3 (Far),-,-,-,-,-,-,-,-,-,25,-26,0,0,-,-,-,-,-
Abyss Cannon,"(During Labyrinth) b+2, 3",-,-,-,-,-,-,-,-,-,16,-20,LAUNCH,LAUNCH,-,-,-,-,-
*,"(During Labyrinth) (b+2), 3",-,-,-,-,-,-,-,-,-,20,-20,LAUNCH,LAUNCH,-,-,-,-,-
Abyss Spear,"(During Labyrinth) b+2, 4",-,-,-,-,-,-,-,-,-,16,-9,0,0,-,-,-,-,-
*,"(During Labyrinth) (b+2), 4",-,-,-,-,-,-,-,-,-,17,-9,0,LAUNCH,-,-,-,-,-
Gremlin Smasher,"(During Labyrinth) f, F+3",-,-,-,-,-,-,-,-,-,21,-9,KND,KND,-,-,-,-,-
Vermillion,"(During Labyrinth) f, F+3+4 (Far)",-,-,-,-,-,-,-,-,-,23,-18,LAUNCH,LAUNCH,-,-,-,-,-
10 Hit Combo 2,"(During Labyrinth) 2, 2, 1, 2, 4, 2, 3, 4, 2, 1+2",-,-,-,-,-,-,-,-,-,10,-,KND,KND,-,-,-,-,-
INTO PHANTOM WARP,,,,,,,,,,,,,,,,,,,
Phantom Warp,"(During Labyrinth) f, f, f (Close)",-,-,-,-,-,-,-,-,-,-,-,-,-,-,-,-,-,-
*,"3~4, F",-,-,-,-,-,-,-,-,-,-,-,-,-,-,-,-,-,-
Fafnir,"(During Labyrinth) 3, 4, 4, F",-,-,-,-,-,-,-,-,-,-,-,-,-,-,-,-,-,-
*,"(During Labyrinth) f+3+4, F",-,-,-,-,-,-,-,-,-,-,-,-,-,-,-,-,-,-
INTO SHADOW SPRINT,,,,,,,,,,,,,,,,,,,
Shadow Sprint,qcf,-,-,-,-,-,-,-,-,-,-,-,-,-,-,-,-,-,-
*,(During Haze) F,-,-,-,-,-,-,-,-,-,-,-,-,-,-,-,-,-,-
DURING SHADOW SPRINT,,,,,,,,,,,,,,,,,,,
Fatal Elbow,qcf+1,-,-,-,-,-,-,-,-,-,19,-9,+4,LAUNCH,-,-,-,-,-
Buzzsaw,qcf+2,-,-,-,-,-,-,-,-,-,27,-17,LAUNCH,LAUNCH,-,-,-,-,-
Laevateinn,qcf+2~1 or d/f+1+2,-,-,-,-,-,-,-,WALL BOUNCE,-,20,-12,KND,KND,-,-,-,-,-
Poison Needle,qcf+3,-,-,-,-,-,-,-,-,-,16,-7,+4,+4,-,-,-,-,-
Poison Needle to Blind Ghost,qcf+3:4,-,-,-,-,-,-,-,-,-,16,-,KND,KND,-,-,-,-,-
Hellhound,qcf+1+2,-,-,-,-,-,-,-,-,-,24,-9,KND,KND,-,-,-,-,-
*,Time with enemy attack... qcf+1+2,mid,-,0,-,-,-,-,,-,-,-,-,-,-,-,-,-,-
INTO WHITE HOLE,,,,,,,,,,,,,,,,,,,
Deathbringer Low to White Hole,"u+3, d+3, U",-,-,-,-,-,-,-,-,-,26,-40,+4,+4,-,-,-,-,-
Chakram White Hole,"u/f+3+4, f+4, U",-,-,-,-,-,-,-,-,-,23,-58,-27,-27,-,-,-,-,-
Pendulum Kick to White Hole,"d/f+4, 4, U",-,-,-,-,-,-,-,-,-,15,-34,+22,+22,-,-,-,-,-
Missing Talon to White Hole,"b+2, 4, U",-,-,-,-,-,-,-,-,-,15,-23,-12,-12,-,-,-,-,-
Skull Rave White Hole,"b+4, B+4, 3, f+4, U",-,-,-,-,-,-,-,-,-,14,-63,-52,-52,-,-,-,-,-
Fafnir White Hole,"(During Labyrinth) 3, 4, U",-,-,-,-,-,-,-,-,-,10,-28,-27,-27,-,-,-,-,-
Massacre to White Hole,"(During Labyrinth) f+2, 4, U",-,-,-,-,-,-,-,-,-,17,-23,-12,-12,-,-,-,-,-
White Hole,(During Haze) U,-,-,-,-,-,-,-,-,-,-,-,-,-,-,-,-,-,-
POWER CRUSHES,,,,,,,,,,,,,,,,,,,
Alondite,f+1+2,-,-,-,-,-,-,-,-,-,22,-14,KND,KND,,,-,-,
Crusader,(During Labyrinth) 1+2,-,-,-,-,-,-,-,-,-,15,-13,KND,KND,-,-,-,-,-
RAGE MOVES,,,,,,,,,,,,,,,,,,,
Rage Art,(During Rage) d/b+3+4,-,-,-,-,-,-,-,-,-,20,-22,KND,KND,-,-,-,-,-
*,(During Rage) f+3+4,-,-,-,-,-,-,-,-,-,15,+5,KND,KND,-,-,-,-,-
Rage Drive 1,(During Rage) f+3+4:2,-,-,-,-,-,-,-,-,-,15,-,S!,S!,-,-,-,-,-
Rage Drive 2,(During Rage) f+3+4:d+2,-,-,-,-,-,-,-,-,-,15,-,KND,KND,-,-,-,-,-
UNBLOCKABLE MOVES,,,,,,,,,,,,,,,,,,,
Pandora Spin,"u/b, b+3+4",-,-,-,-,-,-,-,-,-,35,!,KND,KND,-,-,-,-,-
Dead End,"1+2+3+4, b, f+1+2",-,-,-,-,-,-,-,-,-,59,!,KND,KND,-,-,-,-,-
Death from Above,(During Haze) 2,-,-,-,-,-,-,-,-,-,45,!,KND,KND,-,-,-,-,-
THROWS,,,,,,,,,,,,,,,,,,,
Grave Digger,1+3,-,-,-,-,-,-,-,-,-,12,-6,KND,-,-,-,-,-,-
Salamander,2+4,-,-,-,-,-,-,-,-,-,12,-3,KND,-,-,-,-,-,-
Grave Digger,f+1+3,-,-,-,-,-,-,-,-,-,15,-6,KND,-,-,-,-,-,-
Salamander,f+2+4,-,-,-,-,-,-,-,-,-,15,-3,KND,-,-,-,-,-,-
Undertaker,"hcb, f+1+2",-,-,-,-,-,-,-,-,-,12,0,KND,-,-,-,-,-,-
Orbiting Moon,d/f+1+4,-,-,-,-,-,-,-,-,-,11,-2,KND,-,-,-,-,-,-
Ultimate Tackle,d/b+1+2,-,-,-,-,-,-,-,-,-,26,-5 (BT),KND,-,-,-,-,-,-
Neck Ringer,Approach from left side... 1+3 (or 2+4),-,-,-,-,-,-,-,-,-,12,-3,KND,-,-,-,-,-,-
Swift Assassin,Approach from right side...  1+3 (or 2+4),-,-,-,-,-,-,-,-,-,12,-3,KND,-,-,-,-,-,-
Dark Matter,Approach from behind... 1+3 (or f+1+3),-,-,-,-,-,-,-,-,-,12,-,KND,-,-,-,-,-,-
*,"WR f, f, F (Mid Screen)",-,-,-,-,-,-,-,-,-,16,-5 (BT),KND,-,-,-,-,-,-
*,"WR f, f, F (Mid Screen) 1 (or 2)",-,-,-,-,-,-,-,-,-,-,-,KND,-,-,-,-,-,-
*,"WR f, f, F (Mid Screen) 1/2, 1/2",-,-,-,-,-,-,-,-,-,-,-,KND,-,-,-,-,-,-
*,"WR f, f, F (Mid Screen) 1/2, 1/2, 1/2",-,-,-,-,-,-,-,-,-,-,-,KND,-,-,-,-,-,-
*,"WR f, f, F (Mid Screen) 1/2, 1/2, 1/2, 1/2",-,-,-,-,-,-,-,-,-,-,-,KND,-,-,-,-,-,-
SPECIAL,COMMAND,HIT LEVEL,RANGE,PUSHBACK,TRACKING,CRUSH,JAIL,NC / NCc,BREAK / SPLAT,DAMAGE,START UP,ON BLOCK,ON HIT,ON CH,,,RECOVERY,ACTIVE,
Instant While Standing,"d, d/f, n + (x) or d, d/b, n + (x)",-,-,-,-,-,-,-,-,-,6,-,-,-,-,-,-,-,-
Instant While Standing from Crouch Dash,"d, d/f, n + (x) or d, d/b, n + (x)",-,-,-,-,-,-,-,-,-,10,-,-,-,-,-,-,-,-
Shadow Sprint,qcf,-,-,-,-,-,-,-,-,-,15,-,-,-,-,-,-,-,-
Back Flip,"u/b, b",-,-,-,-,-,-,-,-,-,35,-,-,-,-,-,-,-,-
Charge,1+2+3+4,-,-,-,-,-,-,-,-,-,50,-,-,-,-,-,-,-,-
Crouch Dash,"FC d/f, d, d/f",-,-,-,-,LOW,-,-,-,-,15,-,-,-,-,-,-,-,-
BT Utsusemi Escape,(LAB) b+1+3 / b+2+4,-,-,-,-,-,-,-,-,-,34,-,-,-,-,-,-,8,-