MOVE NAME,COMMAND,HIT LEVEL,RANGE,GAP,TRACKING,CRUSH,JAIL,NC / NCc,ENVIRONMENTAL,DAMAGE,SPEED,ON BLOCK,ON HIT,ON CH,IN AIR,ON CROUCHING,ON WHIFF,ACTIVE,NOTES
*,"Back towards wall... b, b, u/b",-,-,-,-,-,-,-,-,-,i35,+2,KND,KND,-,-,-,-,-
*,1,-,-,-,-,-,-,-,-,-,i10,+1,+8,+8,-,-,-,-,-
Left Right Combo,"1, 2",-,-,-,-,-,-,-,-,-,i10,-1,+5,-,-,-,-,-,-
*,"(1), 2",-,-,-,-,-,-,-,-,-,i10,-1,+5,+5,-,-,-,-,-
*,"1, 2, U (or D)",-,-,-,-,-,-,-,-,-,i10,-8,-2,-,-,-,-,-,-
*,"1, 2, 1",-,-,-,-,-,-,-,-,-,i10,-3,+4,-,-,-,-,-,-
*,"(1), 2, 1",-,-,-,-,-,-,-,-,-,i10,-3,+4,-,-,-,-,-,-
*,"(1), (2), 1",-,-,-,-,-,-,-,-,-,i16,-3,+4,+4,-,-,-,-,-
*,"1, 2, 1, 2",-,-,-,-,-,-,-,-,-,i10,-10,+1,-,-,-,-,-,-
*,"(1), 2, 1, 2",-,-,-,-,-,-,-,-,-,i10,-10,+1,-,-,-,-,-,-
*,"(1), (2), 1, 2",-,-,-,-,-,-,-,-,-,i16,-10,+1,-,-,-,-,-,-
*,"(1), (2), (1), 2",-,-,-,-,-,-,-,-,-,i16,-10,+1,+1,-,-,-,-,-
Biting Snake,"(1), 2, 1, 4",-,-,-,-,-,-,-,-,-,i10,-13,-2,-,-,-,-,-,-
Biting Snake,"(1), 2, 1, 4",-,-,-,-,-,-,-,-,-,i10,-13,-2,-,-,-,-,-,-
*,"(1), (2), 1, 4",-,-,-,-,-,-,-,-,-,i10,-13,-2,-,-,-,-,-,-
*,"(1), (2), (1), 4",-,-,-,-,-,-,-,-,-,i16,-13,-2,-2,-,-,-,-,-
Left Right to Spider Knee,"1, 2, 3",-,-,-,-,-,-,-,-,-,i10,-13,+2,-,-,-,-,-,-
*,"(1), 2, 3",-,-,-,-,-,-,-,-,-,i10,-13,+2,-,-,-,-,-,-
*,"(1), (2), 3",-,-,-,-,-,-,-,-,-,i18,-13,+2,+2,-,-,-,-,-
Bermuda Triangle,"1, 2, 4",-,-,-,-,-,-,-,-,-,i10,-6,KND,-,-,-,-,-,-
*,"(1), 2, 4",-,-,-,-,-,-,-,-,-,i10,-6,KND,-,-,-,-,-,-
*,"(1), (2), 4",-,-,-,-,-,-,-,-,-,i22,-6,KND,KND,-,-,-,-,-
*,"1, 4",-,-,-,-,-,-,-,-,-,i10,-4,+1,-,-,-,-,-,-
*,"(1), 4",-,-,-,-,-,-,-,-,-,i17,-4,+1,STUN,-,-,-,-,-
PK Combo to Assassin's Blade,"1, 4, 1",-,-,-,-,-,-,-,-,-,i10,-11,+15,-,-,-,-,-,-
*,"(1), 4, 1",-,-,-,-,-,-,-,-,-,i17,-11,+15,-,-,-,-,-,-
*,"(1), (4), 1",-,-,-,-,-,-,-,-,-,i25,-11,+15,S!,-,-,-,-,-
Double Explosion 1,"1, 2, f+1+2",-,-,-,-,-,-,-,-,-,i10,-14,KND,-,-,-,-,-,-
*,"(1), 2, f+1+2",-,-,-,-,-,-,-,-,-,i10,-14,KND,-,-,-,-,-,-
*,"(1), (2), f+1+2",-,-,-,-,-,-,-,-,-,i23,-14,KND,KND,-,-,-,-,-
*,"1, 2, 1, 2",-,-,-,-,-,-,-,-,-,i10,-10,+1,-,-,-,-,-,-
*,"(1), 2, 1, 2",-,-,-,-,-,-,-,-,-,i10,-10,+1,-,-,-,-,-,-
*,"(1), (2), 1, 2",-,-,-,-,-,-,-,-,-,i16,-10,+1,-,-,-,-,-,-
*,"(1), (2), (1), 2",-,-,-,-,-,-,-,-,-,i16,-10,+1,+1,-,-,-,-,-
Double Explosion 2,"1, 2, 1, 2, f+1+2",-,-,-,-,-,-,-,-,-,i10,-14,KND,-,-,-,-,-,-
*,"(1), 2, 1, 2, f+1+2",-,-,-,-,-,-,-,-,-,i10,-14,KND,-,-,-,-,-,-
*,"(1), (2), 1, 2, f+1+2",-,-,-,-,-,-,-,-,-,i16,-14,KND,-,-,-,-,-,-
*,"(1), (2), (1), 2, f+1+2",-,-,-,-,-,-,-,-,-,i16,-14,KND,-,-,-,-,-,-
*,"(1), (2), (1), (2), f+1+2",-,-,-,-,-,-,-,-,-,i23,-14,KND,KND,-,-,-,-,-
*,2,-,-,-,-,-,-,-,-,-,i10,+1,+7,+7,-,-,-,-,-
Right Left Combo,"2, 1",-,-,-,-,-,-,-,-,-,i10,-3,+4,-,-,-,-,-,-
*,"(2), 1",-,-,-,-,-,-,-,-,-,i16,-3,+4,+4,-,-,-,-,-
Biting Snake (Short),"2, 1, 4",-,-,-,-,-,-,-,-,-,i10,-13,-2,-,-,-,-,-,-
*,"(2), 1, 4",-,-,-,-,-,-,-,-,-,i16,-13,-2,-,-,-,-,-,-
*,"(2), (1), 4",-,-,-,-,-,-,-,-,-,i23,-13,-2,-2,-,-,-,-,-
Jab Roundhouse,"2, 3",-,-,-,-,-,-,-,-,-,i10,-13,+2,-,-,-,-,-,-
*,"(2), 3",-,-,-,-,-,-,-,-,-,i18,-13,+2,+2,-,-,-,-,-
Double Explosion (Short),"2, f+1+2",-,-,-,-,-,-,-,-,-,i10,-14,KND,-,-,-,-,-,-
*,"(2), f+1+2",-,-,-,-,-,-,-,-,-,i23,-14,KND,KND,-,-,-,-,-
*,3,-,-,-,-,-,-,-,-,-,i14,-16,-5,-5,-,-,-,-,-
*,"3, 3",-,-,-,-,-,-,-,-,-,i14,-17,-6,-,-,-,-,-,-
*,"(3), 3",-,-,-,-,-,-,-,-,-,i24,-17,-6,-6,-,-,-,-,-
Spike Combo to Right Uppercut,"3, 3, 2",-,-,-,-,-,-,-,-,-,i14,-13,LAUNCH,-,-,-,-,-,-
*,"(3), 3, 2",-,-,-,-,-,-,-,-,-,i24,-13,LAUNCH,-,-,-,-,-,-
*,"(3), (3), 2",-,-,-,-,-,-,-,-,-,i25,-13,LAUNCH,LAUNCH,-,-,-,-,-
*,"3, 3, 4",-,-,-,-,-,-,-,-,-,i14,-6,+5,-,-,-,-,-,-
*,"(3), 3, 4",-,-,-,-,-,-,-,-,-,i24,-6,+5,-,-,-,-,-,-
*,"(3), (3), 4",-,-,-,-,-,-,-,-,-,i20,-6,+5,KND,-,-,-,-,-
Spike Combo to Easy Prey,"3, 3, 4, 3",-,-,-,-,-,-,-,-,-,i14,+2 (OC),+5 (OC),-,-,-,-,-,-
*,"(3), 3, 4, 3",-,-,-,-,-,-,-,-,-,i24,+2 (OC),+5 (OC),-,-,-,-,-,-
*,"(3), (3), 4, 3",-,-,-,-,-,-,-,-,-,i20,+2 (OC),+5 (OC),-,-,-,-,-,-
*,"(3), (3), (4), 3",-,-,-,-,-,-,-,-,-,i29,+2 (OC),+5 (OC),STUN,-,-,-,-,-
Head Ringer,"3, 4",-,-,-,-,-,-,-,-,-,i14,-6,KND,-,-,-,-,-,-
*,"(3), 4",-,-,-,-,-,-,-,-,-,i22,-6,KND,KND,-,-,-,-,-
Left High Kick to Right Roll,"3, d",-,-,-,-,-,-,-,-,-,i14,-27,-16,-16,-,-,-,-,-
Left High Kick to Spiral Explosion,"3, d+1+2",-,-,-,-,-,-,-,-,-,i14,-11,KND,-,-,-,-,-,-
*,"(3), d+1+2",-,-,-,-,-,-,-,-,-,i19,-16,KND,KND,-,-,-,-,-
*,4,-,-,-,-,-,-,-,-,-,i11,-9,+8,KND,-,-,-,-,-
Right High to Left Spin Low Kick,"4, 3",-,-,-,-,-,-,-,-,-,i11,-17,-3,-,-,-,-,-,-
*,"(4), 3",-,-,-,-,-,-,-,-,-,i22,-17,-3,-3,-,-,-,-,-
Blonde to Right Uppercut,"4, 3, 2",-,-,-,-,-,-,-,-,-,i11,-13,LAUNCH,-,-,-,-,-,-
*,"(4), 3, 2",-,-,-,-,-,-,-,-,-,i22,-13,LAUNCH,-,-,-,-,-,-
*,"(4), (3), 2",-,-,-,-,-,-,-,-,-,i25,-13,LAUNCH,LAUNCH,-,-,-,-,-
*,"4, 3, 4",-,-,-,-,-,-,-,-,-,i11,-6,+5,-,-,-,-,-,-
*,"(4), 3, 4",-,-,-,-,-,-,-,-,-,i22,-6,+5,-,-,-,-,-,-
*,"(4), (3), 4",-,-,-,-,-,-,-,-,-,i20,-6,+5,KND,-,-,-,-,-
Blonde to Easy Prey,"4, 3, 4, 3",-,-,-,-,-,-,-,-,-,i11,+2 (OC),+5 (OC),-,-,-,-,-,-
*,"(4), 3, 4, 3",-,-,-,-,-,-,-,-,-,i22,+2 (OC),+5 (OC),-,-,-,-,-,-
*,"(4), (3), 4, 3",-,-,-,-,-,-,-,-,-,i20,+2 (OC),+5 (OC),-,-,-,-,-,-
*,"(4), (3), (4), 3",-,-,-,-,-,-,-,-,-,i29,+2 (OC),+5 (OC),STUN,-,-,-,-,-
Right High Kick to Left Roll,"4, u",-,-,-,-,-,-,-,-,-,i11,-28,-17,KND,-,-,-,-,-
*,"4, u, D",-,-,-,-,-,-,-,-,-,i11,-24,-13,KND,-,-,-,-,-
Right High Kick to Spiral Explosion,"4, u+1+2",-,-,-,-,-,-,-,-,-,i11,-11,KND,-,-,-,-,-,-
*,"(4), u+1+2",-,-,-,-,-,-,-,-,-,i14,-11,KND,KND,-,-,-,-,-
Ivory Cutter,1+4,-,-,-,-,-,-,-,-,-,i11,-5,+4 (OC),-,-,-,-,-,-
Ivory Cutter,1+4,-,-,-,-,-,-,-,-,-,i27,-5,+4 (OC),+6 (OC),-,-,-,-,-
*,u+4,-,-,-,-,-,-,-,-,-,i23,-6,+3 (OC),STUN,-,-,-,-,-
Skull Splitter,u/f+1,-,-,-,-,-,-,-,-,-,i26,-5,STUN,STUN,-,-,-,-,-
*,u/f+2,-,-,-,-,-,-,-,-,-,i18,-10,+1,+1,-,-,-,-,-
Binding Whip,"u/f+2, 1",-,-,-,-,-,-,-,-,-,i18,-13,STUN,-,-,-,-,-,-
*,"(u/f+2), 1",-,-,-,-,-,-,-,-,-,i21,-13,STUN,STUN,-,-,-,-,-
Catapult Kick,u/f+3,-,-,-,-,-,-,-,-,-,i14,-10,KND,KND,-,-,-,-,-
*,u/f+4,-,-,-,-,-,-,-,-,-,i18,-9,-1,-1,-,-,-,-,-
*,"u/f+4, 3",-,-,-,-,-,-,-,-,-,i18,-19,-8,-,-,-,-,-,-
*,"(u/f+4), 3",-,-,-,-,-,-,-,-,-,i36,-19,-8,-8,-,-,-,-,-
Can Opener,"u/f+4, 3, 4",-,-,-,-,-,-,-,-,-,i18,-6,+5,-,-,-,-,-,-
*,"(u/f+4), 3, 4",-,-,-,-,-,-,-,-,-,36,-6,+5,-,-,-,-,-,-
*,"(u/f+4), (3), 4",-,-,-,-,-,-,-,-,-,56,-6,+5,+5,-,-,-,-,-
*,"u/f+4, 3, 4, u (or d)",-,-,-,-,-,-,-,-,-,i18,-11,0,0,-,-,-,-,-
*,"u/f, n, D+3",-,-,-,-,-,-,-,-,-,i43,-17,-6,-6,-,-,-,-,-
Hopping Low Kick to Right Uppercut,"u/f, n, D+3, 2",-,-,-,-,-,-,-,-,-,i43,-13,LAUNCH,-,-,-,-,-,-
*,"(u/f, n, D+3), 2",-,-,-,-,-,-,-,-,-,i25,-13,LAUNCH,LAUNCH,-,-,-,-,-
*,"u/f, n, D+3, 4",-,-,-,-,-,-,-,-,-,i43,-6,+5,-,-,-,-,-,-
*,"(u/f, n, D+3), 4",-,-,-,-,-,-,-,-,-,i20,-6,+5,KND,-,-,-,-,-
Hopping Low Kick to Easy Prey,"u/f, n, D+3, 4, 3",-,-,-,-,-,-,-,-,-,i43,+2 (OC),+5 (OC),-,-,-,-,-,-
*,"(u/f, n, D+3), 4, 3",-,-,-,-,-,-,-,-,-,i20,+2 (OC),+5 (OC),-,-,-,-,-,-
*,"(u/f, n, D+3), (4), 3",-,-,-,-,-,-,-,-,-,i25,+2 (OC),+5 (OC),STUN,-,-,-,-,-
Leaping Axe Kick,U/F+4,-,-,-,-,-,-,-,-,-,i23,-6,+3,STUN,-,-,-,-,-
*,f+2,-,-,-,-,-,-,-,-,-,i13,-3,+8,+8,-,-,-,-,-
*,"f+2, 1",-,-,-,-,-,-,-,-,-,i13,-13,-6,-,-,-,-,-,-
*,"(f+2), 1",-,-,-,-,-,-,-,-,-,i14,-13,-6,-6,-,-,-,-,-
Dead Drop,"f+2, 1, 2",-,-,-,-,-,-,-,-,-,i13,-12,KND,-,-,-,-,-,-
*,"(f+2), 1, 2",-,-,-,-,-,-,-,-,-,i19,-12,KND,-,-,-,-,-,-
*,"(f+2), (1), 2",-,-,-,-,-,-,-,-,-,i25,-12,KND,STUN,-,-,-,-,-
Mimosa Combo,"f+2, 1, 4",-,-,-,-,-,-,-,-,-,i13,-3,S!,-,-,-,-,-,-
*,"(f+2), 1, 4",-,-,-,-,-,-,-,-,-,i19,-3,S!,-,-,-,-,-,-
*,"(f+2), (1), 4",-,-,-,-,-,-,-,-,-,i25,-3,KND,S!,-,-,-,-,-
Siren's Kiss,f+3,-,-,-,-,-,-,-,-,-,i13,-3,S!,S!,-,-,-,-,-
*,f+4,-,-,-,-,-,-,-,-,-,i16,-12,-3,-1,-,-,-,-,-
*,"f+4, 3",-,-,-,-,-,-,-,-,-,i16,-14,LAUNCH,-,-,-,-,-,-
*,"(f+4), 3",-,-,-,-,-,-,-,-,-,i29,-14,LAUNCH,LAUNCH,-,-,-,-,-
Sweeper Combo,"f+4, 3, 3",-,-,-,-,-,-,-,-,-,i16,-14,KND,-,-,-,-,-,-
*,"(f+4), 3, 3",-,-,-,-,-,-,-,-,-,i29,-14,KND,-,-,-,-,-,-
*,"(f+4), (3), 3",-,-,-,-,-,-,-,-,-,i32,-14,KND,KND,-,-,-,-,-
Double Whip,"f+4, 4",-,-,-,-,-,-,-,-,-,i16,+1,+13,-,-,-,-,-,-
*,"(f+4), 4",-,-,-,-,-,-,-,-,-,i16,+1,+13,KND,-,-,-,-,-
Sunset Strike,"f, F+2",-,-,-,-,-,-,-,-,-,i14,-9,KND,KND,-,-,-,-,-
Bad Habit,"f, F+3",-,-,-,-,-,-,-,-,-,i15,-14,+8,STUN,-,-,-,-,-
Kneel Kick,"f, F+4 (Close)",-,-,-,-,-,-,-,-,-,i28,-10,KND,KND,-,-,-,-,-
*,"f, F+4 (Far)",-,-,-,-,-,-,-,-,-,i28,-10,KND,KND,-,-,-,-,-
Bombshell Blast,"f, F+1+2",-,-,-,-,-,-,-,-,-,i22,-5,KND,KND,-,-,-,-,-
*,"f, F+1+2 (Hold)",-,-,-,-,-,-,-,-,-,i16,+8,KND,KND,-,-,-,-,-
Running Jump Kick,"f, f, f+3 or u/f+3+4 (or WR 3) (Far)",-,-,-,-,-,-,-,-,-,i23,-23 (FUFT),KND,KND,-,-,-,-,-
Spiral Bombshell Blast,"f, f, f+1+2",-,-,-,-,-,-,-,-,-,i20,0,KND,KND,-,-,-,-,-
*,d/f+1,-,-,-,-,-,-,-,-,-,i13,-1,+5,+5,-,-,-,-,-
Uppercut to Jab,"d/f+1, 2",-,-,-,-,-,-,-,-,-,i13,-3,+2,-,-,-,-,-,-
*,"(d/f+1), 2",-,-,-,-,-,-,-,-,-,i16,-3,+2,+9,-,-,-,-,-
*,"d/f+1, 2, u (or d)",-,-,-,-,-,-,-,-,-,i13,-9,-4,-,-,-,-,-,-
*,d/f+2,-,-,-,-,-,-,-,-,-,i16,-9,-4,+3,-,-,-,-,-
*,d/f+3,-,-,-,-,-,-,-,-,-,i14,-11,+1,+1,-,-,-,-,-
*,"d/f+3, 1",-,-,-,-,-,-,-,-,-,i14,-8,+3,-,-,-,-,-,-
*,"(d/f+3), 1",-,-,-,-,-,-,-,-,-,i30,-8,+3,+3,-,-,-,-,-
*,"d/f+3, 1, u (or d)",-,-,-,-,-,-,-,-,-,i14,-27,-15,-15,-,-,-,-,-
Leg Slicer Combo,"d/f+3, 1, 2",-,-,-,-,-,-,-,-,-,i14,-10,+1,-,-,-,-,-,-
*,"(d/f+3), 1, 2",-,-,-,-,-,-,-,-,-,i30,-10,+1,-,-,-,-,-,-
*,"(d/f+3), (1), 2",-,-,-,-,-,-,-,-,-,i16,-10,+1,+1,-,-,-,-,-
Assault Bomb,"d/f+3, 1, 2, f+1+2",-,-,-,-,-,-,-,-,-,i14,-14,KND,-,-,-,-,-,-
*,"(d/f+3), 1, 2, f+1+2",-,-,-,-,-,-,-,-,-,i30,-14,KND,-,-,-,-,-,-
*,"(d/f+3), (1), 2, f+1+2",-,-,-,-,-,-,-,-,-,i16,-14,KND,-,-,-,-,-,-
*,"(d/f+3), (1), (2), f+1+2",-,-,-,-,-,-,-,-,-,i23,-14,KND,KND,-,-,-,-,-
*,"d/f+3, 2",-,-,-,-,-,-,-,-,-,i14,+1,+2,-,-,-,-,-,-
*,"(d/f+3), 2",-,-,-,-,-,-,-,-,-,i19,+1,+2,+12,-,-,-,-,-
*,"d/f+3, 2, u or d",-,-,-,-,-,-,-,-,-,i14,-8,-7,-,-,-,-,-,-
*,"(d/f+3), 2, u or d",-,-,-,-,-,-,-,-,-,i19,-8,-7,+3,-,-,-,-,-
Creeping Step,"d/f+3, 2, F or D/F",-,-,-,-,-,-,-,-,-,i14,-20,-19,-,-,-,-,-,-
*,"(d/f+3), 2, F or D/F",-,-,-,-,-,-,-,-,-,i19,-20,-19,-9,-,-,-,-,-
*,"d/f+3, 2, 1",-,-,-,-,-,-,-,-,-,i14,-3,+4,-,-,-,-,-,-
*,"(d/f+3), 2, 1",-,-,-,-,-,-,-,-,-,i19,-3,+4,-,-,-,-,-,-
*,"(d/f+3), (2), 1",-,-,-,-,-,-,-,-,-,I16,-3,+4,+4,-,-,-,-,-
Creeping Snake,"d/f+3, 2, 1, 4",-,-,-,-,-,-,-,-,-,i14,-13,-2,-,-,-,-,-,-
*,"(d/f+3), 2, 1, 4",-,-,-,-,-,-,-,-,-,i19,-13,-2,-,-,-,-,-,-
*,"(d/f+3), (2), 1, 4",-,-,-,-,-,-,-,-,-,i16,-13,-2,-,-,-,-,-,-
*,"(d/f+3), (2), (1), 4",-,-,-,-,-,-,-,-,-,i23,-13,-2,-1,-,-,-,-,-
 Creeping Snake to Geyser Cannon,"d/f+3, 2, 3",-,-,-,-,-,-,-,-,-,i14,-17,LAUNCH,-,-,-,-,-,-
*,"(d/f+3), 2, 3",-,-,-,-,-,-,-,-,-,i19,-17,LAUNCH,-,-,-,-,-,-
*,"(d/f+3), (2), 3",-,-,-,-,-,-,-,-,-,i19,-17,LAUNCH,LAUNCH,-,-,-,-,-
 Creeping Snake to Right High Kick,"d/f+3, 2, 4",-,-,-,-,-,-,-,-,-,i14,-6,KND,-,-,-,-,-,-
*,"(d/f+3), 2, 4",-,-,-,-,-,-,-,-,-,i19,-6,KND,-,-,-,-,-,-
*,"(d/f+3), (2), 4",-,-,-,-,-,-,-,-,-,i22,-6,KND,KND,-,-,-,-,-
*,"d/f+3, 2, d+3",-,-,-,-,-,-,-,-,-,i14,-14,-3,-,-,-,-,-,-
*,"(d/f+3), 2, d+3",-,-,-,-,-,-,-,-,-,i19,-14,-3,-,-,-,-,-,-
*,"(d/f+3), (2), d+3",-,-,-,-,-,-,-,-,-,i21,-14,-3,-3,-,-,-,-,-
 Creeping Snake to Left Low Right Uppercut,"d/f+3, 2, d+3, 2",-,-,-,-,-,-,-,-,-,i14,-13,LAUNCH,-,-,-,-,-,-
*,"(d/f+3), 2, d+3, 2",-,-,-,-,-,-,-,-,-,i19,-13,LAUNCH,-,-,-,-,-,-
*,"(d/f+3), (2), d+3, 2",-,-,-,-,-,-,-,-,-,i21,-13,LAUNCH,-,-,-,-,-,-
*,"(d/f+3), (2), (d+3), 2",-,-,-,-,-,-,-,-,-,i25,-13,LAUNCH,LAUNCH,-,-,-,-,-
*,"d/f+3, 2, d+3, 4",-,-,-,-,-,-,-,-,-,i14,-6,+5,-,-,-,-,-,-
*,"(d/f+3), (2), (d+3), 4",-,-,-,-,-,-,-,-,-,i20,-6,+5,KND,-,-,-,-,-
 Creeping Snake to Easy Prey,"d/f+3, 2, d+3, 4, 3",-,-,-,-,-,-,-,-,-,i14,+2 (OC),+5,-,-,-,-,-,-
*,"(d/f+3), (2), (d+3), (4), 3",-,-,-,-,-,-,-,-,-,i29,+2 (OC),+5,STUN,-,-,-,-,-
*,"d/f+3, 3",-,-,-,-,-,-,-,-,-,i14,-14,-3,-,-,-,-,-,-
*,"(d/f+3), 3",-,-,-,-,-,-,-,-,-,i17,-14,-3,-3,-,-,-,-,-
*,"d/f+3, 3, 3",-,-,-,-,-,-,-,-,-,i14,-14,-3,-,-,-,-,-,-
*,"(d/f+3), 3, 3",-,-,-,-,-,-,-,-,-,i17,-14,-3,-,-,-,-,-,-
*,"(d/f+3), (3), 3",-,-,-,-,-,-,-,-,-,i17,-14,-3,-3,-,-,-,-,-
Flash Kicks,"d/f+3, 3, 3, 4",-,-,-,-,-,-,-,-,-,i14,-6,KND,-,-,-,-,-,-
*,"(d/f+3), 3, 3, 4",-,-,-,-,-,-,-,-,-,i17,-6,KND,-,-,-,-,-,-
*,"(d/f+3), (3), 3, 4",-,-,-,-,-,-,-,-,-,i17,-6,KND,-,-,-,-,-,-
*,"(d/f+3), (3), (3), 4",-,-,-,-,-,-,-,-,-,i24,-6,KND,KND,-,-,-,-,-
*,"d/f+3, 4",-,-,-,-,-,-,-,-,-,i14,-4,+7,-,-,-,-,-,-
*,"(d/f+3), 4",-,-,-,-,-,-,-,-,-,i28,-4,+7,+7,-,-,-,-,-
Deadly Assault,"d/f+3, 4, 4",-,-,-,-,-,-,-,-,-,i14,-12,KND,-,-,-,-,-,-
*,"(d/f+3), 4, 4",-,-,-,-,-,-,-,-,-,i28,-12,KND,-,-,-,-,-,-
*,"(d/f+3), (4), 4",-,-,-,-,-,-,-,-,-,i29,-12,KND,KND,-,-,-,-,-
Deadly Hunter,"d/f+3, 4, 3+4",-,-,-,-,-,-,-,-,-,i14,-6,KND,-,-,-,-,-,-
*,"(d/f+3), 4, 3+4",-,-,-,-,-,-,-,-,-,i28,-6,KND,-,-,-,-,-,-
*,"(d/f+3), (4), 3+4",-,-,-,-,-,-,-,-,-,i35,-6,KND,KND,-,-,-,-,-
Left Middle to Right High Kick,"d/f+3, f+4",-,-,-,-,-,-,-,-,-,i14,-6,KND,-,-,-,-,-,-
*,"(d/f+3), f+4",-,-,-,-,-,-,-,-,-,i24,-6,KND,KND,-,-,-,-,-
Ray Hands,d/f+1+2,-,-,-,-,-,-,-,-,-,i16,-6,+20,+20,-,-,-,-,-
*,d+2,-,-,-,-,-,-,-,-,-,i20,+2,0,0,-,-,-,-,-
Cutthroat,"d+2, 3",-,-,-,-,-,-,-,-,-,i20,-6,KND,-,-,-,-,-,-
*,"(d+2), 3",-,-,-,-,-,-,-,-,-,i26,-6,KND,STUN,-,-,-,-,-
Left Spin Low Kick to Right Upper,"d+3, 2",-,-,-,-,-,-,-,-,-,i16,-13,LAUNCH,-,-,-,-,-,-
*,"(d+3), 2",-,-,-,-,-,-,-,-,-,i25,-13,LAUNCH,LAUNCH,-,-,-,-,-
*,"d+3, 4",-,-,-,-,-,-,-,-,-,i16,-6,+5,-,-,-,-,-,-
*,"(d+3), 4",-,-,-,-,-,-,-,-,-,i20,-6,+5,KND,-,-,-,-,-
Easy Prey,"d+3, 4, 3",-,-,-,-,-,-,-,-,-,i16,+2 (OC),+5 (OC),-,-,-,-,-,-
*,"(d+3), 4, 3",-,-,-,-,-,-,-,-,-,i20,+2 (OC),+5 (OC),-,-,-,-,-,-
*,"(d+3), (4), 3",-,-,-,-,-,-,-,-,-,i29,+2 (OC),+5 (OC),STUN,-,-,-,-,-
*,d+4,-,-,-,-,-,-,-,-,-,i12,-13,-2,-2,-,-,-,-,-
Right Low Kick to Back Spin Chop,"d+4, 1",-,-,-,-,-,-,-,-,-,i12,0,+6,-,-,-,-,-,-
*,"(d+4), 1",-,-,-,-,-,-,-,-,-,i24,0,+6,+11,-,-,-,-,-
Wipe the Floor,"d, D/F+4",-,-,-,-,-,-,-,-,-,i20,-37,STUN,STUN,-,-,-,-,-
Right Backhand Body Blow,d/b+2,-,-,-,-,-,-,-,-,-,i24,-5,KND,S!,-,-,-,-,-
Stiletto Heel,d/b+3,-,-,-,-,-,-,-,-,-,i20,+3,+3,KND,-,-,-,-,-
Slicer,d/b+4,-,-,-,-,-,-,-,-,-,i16,9 (FDFT),+2,+2,-,-,-,-,-
Geyser Cannon Combo,"d/b+4, 3",-,-,-,-,-,-,-,-,-,i16,-17,LAUNCH,-,-,-,-,-,-
*,"(d/b+4), 3",-,-,-,-,-,-,-,-,-,i27,-17,LAUNCH,-,-,-,-,-,-
Geyser Cannon,d/b+3+4,-,-,-,-,-,-,-,-,-,i19,-17,LAUNCH,LAUNCH,-,-,-,-,-
Left Backhand Body Blow,b+1,-,-,-,-,-,-,-,-,-,i20,-16,KND,KND,-,-,-,-,-
Shockwave Palm,b+1+2,-,-,-,-,-,-,-,-,-,i18,-7,+3,+3,-,-,-,-,-
Reverse Ivory Cutter,b+1+4,-,-,-,-,-,-,-,-,-,i16,-15,LAUNCH,-,-,-,-,-,-
*,b+1+4 (second hit only),-,-,-,-,-,-,-,-,-,i30,-15,LAUNCH,LAUNCH,-,-,-,-,-
*,b+2,-,-,-,-,-,-,-,-,-,i12,-14,-3,-3,-,-,-,-,-
*,"b+2, 2",-,-,-,-,-,-,-,-,-,i12,-6,+5,-,-,-,-,-,-
*,"b+2, 2",-,-,-,-,-,-,-,-,-,i14,-6,+5,+5,-,-,-,-,-
Backhand Combo,"b+2, 2, 2",-,-,-,-,-,-,-,-,-,i12,-9,+9,-,-,-,-,-,-
*,"b+2, 2, 2",-,-,-,-,-,-,-,-,-,i14,-9,+9,-,-,-,-,-,-
*,"b+2, 2, 2",-,-,-,-,-,-,-,-,-,i25,-9,+9,STUN,-,-,-,-,-
*,"b+2, 2, 2, u or d",-,-,-,-,-,-,-,-,-,i12,-25,-14,-,-,-,-,-,-
*,b+3,-,-,-,-,-,-,-,-,-,i18,-6,+6 (OC),+6 (OC),-,-,-,-,-
Stinger Heel Kick Combo,"b+3, 4",-,-,-,-,-,-,-,-,-,i18,-8,KND,-,-,-,-,-,-
*,"b+3), 4",-,-,-,-,-,-,-,-,-,i20,-8,KND,STUN,-,-,-,-,-
Spear Kick,b+4,-,-,-,-,-,-,-,-,-,i14,-7,+11,+18,-,-,-,-,-
Hellbringer,qcf+1,-,-,-,-,-,-,-,-,-,i14,+1,LAUNCH,LAUNCH,-,-,-,-,-
Shut Up,qcf+2,-,-,-,-,-,-,-,-,-,i20,-8,KND,KND,-,-,-,-,-
Sideslip,qcf+3,-,-,-,-,-,-,-,-,-,i19,-20,KND,KND,-,-,-,-,-
*,qcf+4,-,-,-,-,-,-,-,-,-,i14,-8,+6,+6,-,-,-,-,-
*,"qcf+4, 2",-,-,-,-,-,-,-,-,-,i14,-9,LAUNCH,-,-,-,-,-,-
*,"(qcf+4), 2",-,-,-,-,-,-,-,-,-,i18,-9,-3,-3,-,-,-,-,-
Shamrock,"qcf+4, 2, 3",-,-,-,-,-,-,-,-,-,i14,-10,KND,-,-,-,-,-,-
*,"(qcf+4), 2, 3",-,-,-,-,-,-,-,-,-,i18,-10,KND,-,-,-,-,-,-
*,"(qcf+4), (2), 3",-,-,-,-,-,-,-,-,-,i22,-10,KND,KND,-,-,-,-,-
Ice Pick,"d, d/b, B+4",-,-,-,-,-,-,-,-,-,i19,-15,LAUNCH,LAUNCH,-,-,-,-,-
*,BT 1 (or 2),-,-,-,-,-,-,-,-,-,i8,-8,+3,+3,-,-,-,-,-
*,BT 3 (or 4),-,-,-,-,-,-,-,-,-,i10,-8,KND,KND,-,-,-,-,-
*,FC 1,-,-,-,-,-,-,-,-,-,i10,-5,+6,+6,-,-,-,-,-
*,"FC 1, 2",-,-,-,-,-,-,-,-,-,i10,-6,+5,-,-,-,-,-,-
*,"FC (1), 2",-,-,-,-,-,-,-,-,-,i15,-6,+5,+5,-,-,-,-,-
Below the Belt Combo,"FC 1, 2, 4",-,-,-,-,-,-,-,-,-,i10,-14,-3,-,-,-,-,-,-
*,"FC (1), 2, 4",-,-,-,-,-,-,-,-,-,i15,-14,-3,-,-,-,-,-,-
*,"FC (1), (2), 4",-,-,-,-,-,-,-,-,-,i19,-14,-3,-3,-,-,-,-,-
Jab to Mid Kick,"FC 1, 4",-,-,-,-,-,-,-,-,-,i10,-11,0,-,-,-,-,-,-
*,"FC (1), 4",-,-,-,-,-,-,-,-,-,i16,-11,0,0,-,-,-,-,-
*,FC 2,-,-,-,-,-,-,-,-,-,i11,-4,+7,+7,-,-,-,-,-
Low Jab Rising Kick,"FC 2, 4",-,-,-,-,-,-,-,-,-,i11,-10,+1,-,-,-,-,-,-
*,"FC (2), 4",-,-,-,-,-,-,-,-,-,i19,-10,+1,+1,-,-,-,-,-
*,FC 3,-,-,-,-,-,-,-,-,-,i16,-17,-3,-3,-,-,-,-,-
*,FC 4,-,-,-,-,-,-,-,-,-,i12,-15,-4,-4,-,-,-,-,-
*,"FC 4, 1",-,-,-,-,-,-,-,-,-,i12,0,+6,-,-,-,-,-,-
*,"FC (4), 1",-,-,-,-,-,-,-,-,-,i24,0,+6,+11,-,-,-,-,-
*,"FC 4, 1, u or d",-,-,-,-,-,-,-,-,-,i12,-21,-10,-10,-,-,-,-,-
,FC d/f+4,-,-,-,-,-,-,-,-,-,i20,-37,KND,STUN,-,-,-,-,-
Charging Tackle*,"WR f, f, F (Full Screen)",-,-,-,-,-,-,-,-,-,i8,+13,KND,KND,-,-,-,-,-
Running Stomp*,"WR f, f, F (Full Screen) (On Grounded Opponent)",-,-,-,-,-,-,-,-,-,i12,-,KND,KND,-,-,-,-,-
*,WR 4,-,-,-,-,-,-,-,-,-,i14,-40,KND,KND,-,-,-,-,-
*,WS 1,-,-,-,-,-,-,-,-,-,i13,-6,+5,+5,-,-,-,-,-
Fluttering Butterfly,"WS 1, 1+2",-,-,-,-,-,-,-,-,-,i13,-7,KND,-,-,-,-,-,-
*,"WS (1), 1+2",-,-,-,-,-,-,-,-,-,i23,-7,KND,KND,-,-,-,-,-
Diving Hornet,"WS 1, 4",-,-,-,-,-,-,-,-,-,i13,-3 (OC),KND,-,-,-,-,-,-
*,"WS (1), 4",-,-,-,-,-,-,-,-,-,i34,-3 (OC),KND,KND,-,-,-,-,-
Palm Uppercut,WS 2,-,-,-,-,-,-,-,-,-,i15,-13,LAUNCH,LAUNCH,-,-,-,-,-
Spider Knee,WS 3,-,-,-,-,-,-,-,-,-,i13,-13,+2,+2,-,-,-,-,-
*,WS 4,-,-,-,-,-,-,-,-,-,i11,-4,+7,+7,-,-,-,-,-
Flashing Escape,"WS 4, 3",-,-,-,-,-,-,-,-,-,i11,-6,KND,-,-,-,-,-,-
*,"WS (4), 3",-,-,-,-,-,-,-,-,-,i22,-6,KND,STUN,-,-,-,-,-
Helping Hand,WS b+1,-,-,-,-,-,-,-,-,-,i14,-5,+6,STUN,-,-,-,-,-
Snakeshot,SS 1,-,-,-,-,-,-,-,-,-,i14,-10,+3,+3,-,-,-,-,-
Spiral Explosion,SS 1+2,-,-,-,-,-,-,-,-,-,i19,-11,KND,KND,-,-,-,-,-
Snakeshot to Rolling Dash,"SS 1, F",-,-,-,-,-,-,-,-,-,i14,-18,-5,-5,-,-,-,-,-
Snakeshot to Reverse Rolling Dash,"SS 1, B",-,-,-,-,-,-,-,-,-,i14,-19,-5,-5,-,-,-,-,-
Double Shot,"SS 1, 2",-,-,-,-,-,-,-,-,-,i14,-6,0,-,-,-,-,-,-
*,"SS (1), 2",-,-,-,-,-,-,-,-,-,i16,-6,0,0,-,-,-,-,-
Lift Shot,SS 2,-,-,-,-,-,-,-,-,-,i13,-13,LAUNCH,LAUNCH,-,-,-,-,-
Heel Slicer,SS 4,-,-,-,-,-,-,-,-,-,i20,-15,+6,STUN,-,-,-,-,-
Twisted Mind,(While enemy is down) d+3+4,-,-,-,-,-,-,-,-,-,-,-,KND,KND,-,-,-,-,-
10 Hit Combo 1,"1, 2, 1, 2, 3, 3, 2, 1, 2, 4",-,-,-,-,-,-,-,-,-,i10,-,KND,KND,-,-,-,-,-
10 Hit Combo 2,"d/f+1, 2, 1, 2, 3, 3, 2, 1, 2, 4",-,-,-,-,-,-,-,-,-,i13,-,KND,KND,-,-,-,-,-
Wake-Up Low Kick*,"Face Up, Feet Towards+3 or (After Rolling Forward)",-,-,-,-,-,-,-,-,-,i22,-12,+5,STUN,-,-,-,-,-
Wake-Up Mid Kick*,"Face Up, Feet Towards+4 or (After Rolling Forward)",-,-,-,-,-,-,-,-,-,i22,-12,+5,KND,-,-,-,-,-
Recovery Kick* (Back Roll on Hit),"Face Up, Feet Towards, d+3 (or 4)",-,-,-,-,-,-,-,-,-,i13,-16,-3,-3,-,-,-,-,-
Spring Attack*,"Face Up, Feet Towards+3+4",-,-,-,-,-,-,-,-,-,i19,-21,KND,KND,-,-,-,-,-
Flying Cross Chop*,"Face Up, Feet Towards, Roll Forward+1+2",-,-,-,-,-,-,-,-,-,i19,+2,KND,KND,-,-,-,-,-
*,"Face Down, Feet Away+3",-,-,-,-,-,-,-,-,-,i21,-20,+1,STUN,-,-,-,-,-
*,"Face Down, Feet Away+4 (close)",-,-,-,-,-,-,-,-,-,i21,-19,KND,KND,-,-,-,-,-
*,"Face Down, Feet Away+4 (far)",-,-,-,-,-,-,-,-,-,i21,-19,-10,KND,-,-,-,-,-
Handspring Kickup,(Upon Landing) f,-,-,-,-,-,-,-,-,-,i33,-2,+3,+3,-,-,-,-,-
POWER CRUSHES,,,,,,,,,,,,,,,,,,,
Blonde Bomb,f+1+2 (or WS 1+2),-,-,-,-,-,-,-,-,-,i17,-14,KND,KND,-,-,-,-,-
RAGE MOVES,,,,,,,,,,,,,,,,,,,
Rage Art,(During Rage) d+1+2,-,-,-,-,-,-,-,-,-,i20,-22,KND,KND,-,-,-,-,-
*,(During Rage) f+2+3,-,-,-,-,-,-,-,-,-,i20,+9,KND,KND,-,-,-,-,-
Rage Drive,"(During Rage) f+2+3, D/F",-,-,-,-,-,-,-,-,-,i20,+3,KND,KND,-,-,-,-,-
UNBLOCKABLE ATTACKS,,,,,,,,,,,,,,,,,,,
Power Charge,"d/b+1+2 (u, u to cancel)",-,-,-,-,-,-,-,-,-,i65,!,KND,KND,-,-,-,-,-
Evil Mist,"d/b, d, d/f, f, n, D/B+2+3",-,-,-,-,-,-,-,-,-,i21,!,KND,KND,-,-,-,-,-
THROWS,,,,,,,,,,,,,,,,,,,
Arm Grab Flip,Approach enemy... 1+3,-,-,-,-,-,-,-,-,-,i12,-6,KND,-,-,-,-,-,-
Over the Back Toss,Approach enemy... 2+4,-,-,-,-,-,-,-,-,-,i12,0 (BT),KND,-,-,-,-,-,-
Arm Grab Flip,Approach enemy... f+1+3,-,-,-,-,-,-,-,-,-,i15,-6,KND,-,-,-,-,-,-
Over the Back Toss,Approach enemy... f+2+4,-,-,-,-,-,-,-,-,-,i15,0 (BT),KND,-,-,-,-,-,-
Shoulder Through Buster,"Approach from left side... 2+4, 1, 2, 1",-,-,-,-,-,-,-,-,-,i12,-,KND,-,-,-,-,-,-
Shoulder Through Arm Breaker,"(During Shoulder Through Buster) 2, 1, 3",-,-,-,-,-,-,-,-,-,-,-,KND,-,-,-,-,-,-
Triangle Hold,Approach from left side... 1+3 (or 2+4),-,-,-,-,-,-,-,-,-,i12,-3,KND,-,-,-,-,-,-
Hammer Throw,Approach from right side... 1+3 (or 2+4),-,-,-,-,-,-,-,-,-,i12,-3,KND,-,-,-,-,-,-
Leaping Triangle Hold,Approach from behind... 1+3 (or 2+4),-,-,-,-,-,-,-,-,-,i12,-,KND,-,-,-,-,-,-
Elbow to Arm Grab Flip,Approach enemy... d/f+1+3,-,-,-,-,-,-,-,-,-,i11,-2,KND,-,-,-,-,-,-
Reverse Neck Breaker,Approach enemy... d/f+2+4,-,-,-,-,-,-,-,-,-,i11,-2,KND,-,-,-,-,-,-
Jumping Flip,Approach enemy... u/f+1+2,-,-,-,-,-,-,-,-,-,i12,0,KND,-,-,-,-,-,-
Elbow Smash,"Approach enemy... d/f, d/f+1",-,-,-,-,-,-,-,-,-,i12,-6,KND,-,-,-,-,-,-
Backhand Slap,Approach enemy... qcf+1+2,-,-,-,-,-,-,-,-,-,i11,-2,KND,-,-,-,-,-,-
Seoi Gyaku Juji-gatame,"(During Backhand Slap) 4, 3, 4, 1+2",-,-,-,-,-,-,-,-,-,-,-,KND,-,-,-,-,-,-
Triple Slaps,"(During Backhand Slap) 2, 3, 4, 2, 2",-,-,-,-,-,-,-,-,-,-,-,KND,-,-,-,-,-,-
Neck Crusher,"(During Triple Slaps) 1, 3+4, 1, 2, 1+2",-,-,-,-,-,-,-,-,-,-,-,KND,-,-,-,-,-,-
Leg Stretch Arm Lock,"(During Triple Slaps) 1, 2, 4, 3, 1+2+3",-,-,-,-,-,-,-,-,-,-,-,KND,-,-,-,-,-,-
Betrayer,"Approach enemy... d, d/b, B+1+4",-,-,-,-,-,-,-,-,-,i12,-,+6,-,-,-,-,-,-
Twisted Nightmare,"(During Betrayer) 2, 1, 1+2, 1+2+3",-,-,-,-,-,-,-,-,-,-,-,KND,-,-,-,-,-,-
Neck Crusher,"(During Twisted Nightmare) 1, 3+4, 1, 2, 1+2",-,-,-,-,-,-,-,-,-,-,-,KND,-,-,-,-,-,-
Leg Stretch Arm Lock,"(During Twisted Nightmare) 1, 2, 4, 3, 1+2+3",-,-,-,-,-,-,-,-,-,-,-,KND,-,-,-,-,-,-
Arm Break,"(During Betrayer, or Backhand Slap) 1, 3, 2, 1",-,-,-,-,-,-,-,-,-,-,-,KND,-,-,-,-,-,-
Double Arm Break,"(During Arm Break) 3, 1, 4, 1+2, 1+2",-,-,-,-,-,-,-,-,-,-,-,KND,-,-,-,-,-,-
Falling Arm Break,"(During Arm Break) 2, 1, 3, 4, 1+2",-,-,-,-,-,-,-,-,-,-,-,KND,-,-,-,-,-,-
Crab Hold,Approach enemy... qcf+3+4,-,-,-,-,-,-,-,-,-,i11,-2,KND,-,-,-,-,-,-
Commando Arm Lock,"(During Crab Hold) 3+4, 3, 4, 1+2",-,-,-,-,-,-,-,-,-,-,-,KND,-,-,-,-,-,-
Heel Hold,"(During Crab Hold) 3+4, 4, 2, 1+2",-,-,-,-,-,-,-,-,-,-,-,KND,-,-,-,-,-,-
Leeaping Heel Hold,"f, f, f+3 or (u/f+3+4) (Close)",-,-,-,-,-,-,-,-,-,i23,-23 (FUFT),KND,-,-,-,-,-,-
Double Snap,"(During Heel Hold) 3, 1, 4, 2+4",-,-,-,-,-,-,-,-,-,-,-,KND,-,-,-,-,-,-
Double Heel Hold,"(During Heel Hold) 1, 3, 2+4, 3+4, 1+2",-,-,-,-,-,-,-,-,-,-,-,KND,-,-,-,-,-,-
*,"WR f, f, F (Mid Screen)",-,-,-,-,-,-,-,-,-,i16,-5 (BT),KND,-,-,-,-,-,-
*,"WR f, f, F (Mid Screen) 1 (or 2)",-,-,-,-,-,-,-,-,-,-,-,KND,-,-,-,-,-,-
*,"WR f, f, F (Mid Screen) 1/2, 1/2",-,-,-,-,-,-,-,-,-,-,-,KND,-,-,-,-,-,-
*,"WR f, f, F (Mid Screen) 1/2, 1/2, 1/2",-,-,-,-,-,-,-,-,-,-,-,KND,-,-,-,-,-,-
*,"WR f, f, F (Mid Screen) 1/2, 1/2, 1/2, 1/2",-,-,-,-,-,-,-,-,-,-,-,KND,-,-,-,-,-,-
*,"WR f, f, F (Mid Screen) 1+2",-,-,-,-,-,-,-,-,-,-,-,KND,-,-,-,-,-,-
SPECIAL,,,,,,,,,,,,,,,,,,,
*,qcf,-,-,-,-,-,-,-,-,-,-,-,-,-,-,-,-,-,-
*,qcb,-,-,-,-,-,-,-,-,-,-,-,-,-,-,-,-,-,-
*,"u/b, b",-,-,-,-,-,-,-,-,-,-,-,-,-,-,-,-,-,-
Attack Reversal,Time with enemy attack... b+1+3 (or b+2+4),-,-,-,-,-,-,-,-,-,-,-,-,-,-,-,-,-,-